"Symbol","SMILES","Name","PDB_code"
"A","[1*]N[C@@H](C)C([2*])=O","Alanine","ALA"
"C","[1*]N[C@@H](CS[3*])C([2*])=O","Cysteine","CYS"
"D","[1*]N[C@@H](CC([3*])=O)C([2*])=O","Aspartic acid","ASP"
"E","[1*]N[C@@H](CCC([3*])=O)C([2*])=O","Glutamic acid","GLU"
"F","[1*]N[C@@H](Cc1ccccc1)C([2*])=O","Phenylalanine","PHE"
"G","[1*]NCC([2*])=O","Glycine","GLY"
"H","[1*]N[C@@H](Cc1c[nH]cn1)C([2*])=O","Histidine","HIS"
"I","[1*]N[C@H](C([2*])=O)[C@@H](C)CC","Isoleucine","ILE"
"K","[1*]N[C@@H](CCCCN[3*])C([2*])=O","Lysine","LYS"
"L","[1*]N[C@@H](CC(C)C)C([2*])=O","Leucine","LEU"
"M","[1*]N[C@@H](CCSC)C([2*])=O","Methionine","MET"
"N","[1*]N[C@@H](CC(N)=O)C([2*])=O","Asparagine","ASN"
"P","[1*]N1CCC[C@H]1C([2*])=O","Proline","PRO"
"Q","[1*]N[C@@H](CCC(N)=O)C([2*])=O","Glutamine","GLN"
"R","[1*]N[C@@H](CCCNC(=N)N)C([2*])=O","Arginine","ARG"
"S","[1*]N[C@@H](CO)C([2*])=O","Serine","SER"
"T","[1*]N[C@H](C([2*])=O)[C@@H](C)O","Threonine","THR"
"V","[1*]N[C@H](C([2*])=O)C(C)C","Valine","VAL"
"W","[1*]N[C@@H](Cc1c[nH]c2ccccc12)C([2*])=O","Tryptophan","TRP"
"Y","[1*]N[C@@H](Cc1ccc(O)cc1)C([2*])=O","Tyrosine","TYR"
"dA","[1*]N[C@H](C)C([2*])=O","D-Alanine","DA0"
"dC","[1*]N[C@H](CS[3*])C([2*])=O","D-Cysteine","DC6"
"dD","[1*]N[C@H](CC([3*])=O)C([2*])=O","D-Aspartic acid","DD0"
"dE","[1*]N[C@H](CCC([3*])=O)C([2*])=O","D-Glutamic acid","DEK"
"dF","[1*]N[C@H](Cc1ccccc1)C([2*])=O","D-Phenylalanine","DBL"
"dH","[1*]N[C@H](Cc1c[nH]cn1)C([2*])=O","D-Histidine","DHW"
"dI","[1*]N[C@@H](C([2*])=O)[C@H](C)CC","D-Isoleucine","DIJ"
"dK","[1*]N[C@H](CCCCN[3*])C([2*])=O","D-Lysine","DKB"
"dL","[1*]N[C@H](CC(C)C)C([2*])=O","D-Leucine","DLO"
"dM","[1*]N[C@H](CCSC)C([2*])=O","D-Methionine","DB2"
"dN","[1*]N[C@H](CC(N)=O)C([2*])=O","D-Asparagine","DNI"
"dP","[1*]N1CCC[C@@H]1C([2*])=O","D-Proline","DPI"
"dQ","[1*]N[C@H](CCC(N)=O)C([2*])=O","D-Glutamine","DQC"
"dR","[1*]N[C@H](CCCNC(=N)N)C([2*])=O","D-Arginine","DC9"
"dS","[1*]N[C@H](CO)C([2*])=O","D-Serine","DSW"
"dT","[1*]N[C@@H](C([2*])=O)[C@H](C)O","D-Threonine","DE8"
"dV","[1*]N[C@@H](C([2*])=O)C(C)C","D-Valine","DVB"
"dW","[1*]N[C@H](Cc1c[nH]c2ccccc12)C([2*])=O","D-Tryptophan","DWI"
"dY","[1*]N[C@H](Cc1ccc(O)cc1)C([2*])=O","D-Tyrosine","DYE"
"ac","[2*]C(C)=O","N-Terminal acetic acid","ACE"
"am","[1*]N","C-Terminal amine","NH2"
"_Me","[1*]C","C-Terminal methyl","MEH"
"meA","[1*]N(C)[C@@H](C)C([2*])=O","N-Methyl-Alanine","MBI"
"meD","[1*]N(C)[C@@H](CC([3*])=O)C([2*])=O","N-Methyl-Aspartic acid","MBJ"
"meS","[1*]N(C)[C@@H](CO)C([2*])=O","N-Methyl-Serine","MBU"
"meT","[1*]N(C)[C@H](C([2*])=O)[C@@H](C)O","N-Methyl-Threonine","MCC"
"meV","[1*]N(C)[C@H](C([2*])=O)C(C)C","N-Methyl-Valine","MC6"
"meY","[1*]N(C)[C@@H](Cc1ccc(O)cc1)C([2*])=O","N-Methyl-Tyrosine","MC7"
"meE","[1*]N(C)[C@@H](CCC([3*])=O)C([2*])=O","N-Methyl-Glutamic acid","MDI"
"meG","[1*]N(C)CC([2*])=O","Sarcosine (N-Methyl-Glycine)","MDM"
"meI","[1*]N(C)[C@H](C([2*])=O)[C@@H](C)CC","N-Methyl-Isoleucine","MDT"
"meK","[1*]N(C)[C@@H](CCCCN[3*])C([2*])=O","N-Methyl-Lysine","MFF"
"meM","[1*]N(C)[C@@H](CCSC)C([2*])=O","N-Methyl-Methionine","MFI"
"meN","[1*]N(C)[C@@H](CC(N)=O)C([2*])=O","N-Methyl-Asparagine","MFL"
"meQ","[1*]N(C)[C@@H](CCC(N)=O)C([2*])=O","N-Methyl-Glutamine","MFS"
"meC","[1*]N(C)[C@@H](CS[3*])C([2*])=O","N-Methyl-Cysteine","MF0"
"meR","[1*]N(C)[C@@H](CCCNC(=N)N)C([2*])=O","N-Methyl-Arginine","MF6"
"meW","[1*]N(C)[C@@H](Cc1c[nH]c2ccccc12)C([2*])=O","N-Methyl-Tryptophan","MF9"
"meF","[1*]N(C)[C@@H](Cc1ccccc1)C([2*])=O","N-Methyl-Phenylalanine","MGU"
"meH","[1*]N(C)[C@@H](Cc1c[nH]cn1)C([2*])=O","N-Methyl-Histidine","MG3"
"meL","[1*]N(C)[C@@H](CC(C)C)C([2*])=O","N-Methyl-Leucine","MG4"
"Nle","[1*]N[C@@H](CCCC)C([2*])=O","Norleucine","NLF"
"Nva","[1*]N[C@@H](CCC)C([2*])=O","Norvaline","NVF"
"Orn","[1*]N[C@@H](CCCN[3*])C([2*])=O","L-ornithine","ORF"
"Iva","[1*]N[C@@](C)(CC)C([2*])=O","Isovaline","6ZS"
"aIle","[1*]N[C@H](C([2*])=O)[C@H](C)CC","L-allo-Isoleucine","AID"
"gGlu","[1*]N[C@@H](CCC([2*])=O)C([3*])=O","Gamma glutamic acid","GGI"
"Hcy","[1*]N[C@@H](CCS[3*])C([2*])=O","Homocysteine","HCB"
"Hse","[1*]N[C@@H](CCO)C([2*])=O","Homoserine","HSB"
"Hyp","[1*]N1C[C@H](O)C[C@H]1C([2*])=O","4-Hydroxyproline","HYJ"
"D_gGlu","[1*]N[C@H](CCC([2*])=O)C([3*])=O","D-Gamma glutamic acid","DGE"
"D_Nle","[1*]N[C@H](CCCC)C([2*])=O","D-Norleucine","DNU"
"D_hPhe","[1*]N[C@H](CCc1ccccc1)C([2*])=O","D-Homophenylalanine","DHX"
"D_Hyp","[1*]N1C[C@@H](O)C[C@@H]1C([2*])=O","D-4-Hydroxyproline","DH0"
"D_Nva","[1*]N[C@H](CCC)C([2*])=O","D-Norvaline","DGK"
"D_Orn","[1*]N[C@H](CCCN[3*])C([2*])=O","D-Ornithine","DOU"
"Pyr","[1*]N1C(=O)CC[C@H]1C([2*])=O","Pyroglutamic acid","PYK"
"D_Pyr","[2*]C(=O)[C@H]1CCC(=O)N1","D-Pyroglutamic acid","DG5"
"Phe_3Cl","[1*]N[C@@H](Cc1cccc(Cl)c1)C([2*])=O","3-Chloro-L-phenylalanine","PAA"
"Phe_4Cl","[1*]N[C@@H](Cc1ccc(Cl)cc1)C([2*])=O","4-Chloro-L-phenylalanine","PBJ"
"Phe_4NH2","[1*]N[C@@H](Cc1ccc(N)cc1)C([2*])=O","p-Aminophenylalanine","PD0"
"Phg","[1*]N[C@H](C([2*])=O)c1ccccc1","2-Phenylglycine","PEN"
"Ser_tBu","[1*]N[C@@H](COC(C)(C)C)C([2*])=O","O-tert-Butyl-L-serine","SED"
"Tyr_Bn","[1*]N[C@@H](Cc1ccc(OCc2ccccc2)cc1)C([2*])=O","O-Benzyl-L-tyrosine","TYH"
"Tza","[1*]N[C@@H](Cc1cscn1)C([2*])=O","3-Thiazolylalanine","TZI"
"1Nal","[1*]N[C@@H](Cc1cccc2ccccc12)C([2*])=O","3-(1-naphthyl)-alanine","1NC"
"Cha","[1*]N[C@@H](CC1CCCCC1)C([2*])=O","3-Cyclohexylalanine","CHE"
"Lys_Boc","[1*]N[C@@H](CCCCNC(=O)OC(C)(C)C)C([2*])=O","N-epsilon-tert-Boc-L-lysine","LYI"
"aThr","[1*]N[C@H](C([2*])=O)[C@H](C)O","L-allo-Threonine","ATB"
"D_2Nal","[1*]N[C@H](Cc1ccc2ccccc2c1)C([2*])=O","D-3-naphthylalanine","D2I"
"D_2Thi","[1*]N[C@H](Cc1cccs1)C([2*])=O","D-3-thienylalanine","DJA"
"D_aHyp","[1*]N1C[C@H](O)C[C@@H]1C([2*])=O","D-allo-4-hydroxyproline","DJG"
"D_aIle","[1*]N[C@@H](C([2*])=O)[C@@H](C)CC","D-allo-Isoleucine","DJI"
"D_Phg","[1*]N[C@@H](C([2*])=O)c1ccccc1","D-2-phenylglycine","DJ5"
"D_Ser_tBu","[1*]N[C@H](COC(C)(C)C)C([2*])=O","O-tert-Butyl-D-serine","DJ7"
"Cya","[1*]N[C@@H](CS(=O)(=O)O)C([2*])=O","3-Sulfoalanine","CY2"
"Lys_Me3","[1*]N[C@@H](CCCC[N+](C)(C)C)C([2*])=O","Epsilon-N-trimethyllysine","LYY"
"Pen","[1*]N[C@H](C([2*])=O)C(C)(C)S[3*]","Penicillamine (3-mercaptovaline)","PES"
"Phe_4Me","[1*]N[C@@H](Cc1ccc(C)cc1)C([2*])=O","p-Methylphenylalanine","PGB"
"Ser_Bn","[1*]N[C@@H](COCc1ccccc1)C([2*])=O","O-Benzyl-L-serine","SEQ"
"Tyr_tBu","[1*]N[C@@H](Cc1ccc(OC(C)(C)C)cc1)C([2*])=O","O-tert-Butyl-L-tyrosine","TYK"
"2Nal","[1*]N[C@@H](Cc1ccc2ccccc2c1)C([2*])=O","3-Naphthylalanine","2NN"
"Thi","[1*]N[C@@H](Cc1cccs1)C([2*])=O","3-thienylalanine","TAI"
"aHyp","[1*]N1C[C@@H](O)C[C@H]1C([2*])=O","L-allo-4-hydroxyproline","AHJ"
"Ala_tBu","[1*]N[C@H](C([2*])=O)C(C)(C)C","3-Methylvaline","AAJ"
"hPhe","[1*]N[C@@H](CCc1ccccc1)C([2*])=O","Homophenylalanine","HP9"
"D_1Nal","[1*]N[C@H](Cc1cccc2ccccc12)C([2*])=O","D-3-(1-naphthyl)-alanine","D1E"
"D_aThr","[1*]N[C@@H](C([2*])=O)[C@@H](C)O","D-allo-Threonine","DKC"
"D_Cha","[1*]N[C@H](CC1CCCCC1)C([2*])=O","D-2-Amino-3-cyclohexyl-propionic acid","DLQ"
"D_Pen","[1*]N[C@@H](C([2*])=O)C(C)(C)S[3*]","D-penicillamine (3-mercaptovaline)","DLV"
"D_Phe_4Cl","[1*]N[C@H](Cc1ccc(Cl)cc1)C([2*])=O","4-Chloro-D-phenylalanine","DO0"
"D_Ser_Bn","[1*]N[C@H](COCc1ccccc1)C([2*])=O","O-Benzyl-D-serine","DO7"
"Wil","[1*]N[C@@H](Cn1ccc(=O)[nH]c1=O)C([2*])=O","Alpha-amino-2,4-dioxopyrimidinepropanoic acid","WIL"
"MsO","[2*]S(C)(=O)=O","Mesylate","MSV"
"Oic_3aS_7aS","[1*]N1[C@H](C([2*])=O)C[C@@H]2CCCC[C@@H]21","Perhydroindolic acid","OIB"
"Pip","[1*]N1CCCC[C@H]1C([2*])=O","Pipecolic acid","PIJ"
"3Pal","[1*]N[C@@H](Cc1cccnc1)C([2*])=O","3-(2-pyridyl)-alanine","3PN"
"4Pal","[1*]N[C@@H](Cc1ccncc1)C([2*])=O","3-(4-Pyridyl)-alanine","4PM"
"Abu","[1*]N[C@@H](CC)C([2*])=O","2-Aminobutanoic acid","ABC"
"Apm","[1*]N[C@@H](CCCCC([3*])=O)C([2*])=O","2-Aminopimelic acid","AAW"
"Chg","[1*]N[C@H](C([2*])=O)C1CCCCC1","Alpha-cyclohexylglycine","CHY"
"Dab","[1*]N[C@@H](CCN[3*])C([2*])=O","2,4-diaminobutanoic acid","DQE"
"Dap","[1*]N[C@@H](CN[3*])C([2*])=O","2,3-diaminopropanoic acid","DQI"
"D_3Pal","[1*]N[C@H](Cc1cccnc1)C([2*])=O","D-3-(2-pyridyl)-alanine","D3I"
"D_aMeAbu","[1*]N[C@](C)(CC)C([2*])=O","D-Isovaline","DQ4"
"D_Chg","[1*]N[C@@H](C([2*])=O)C1CCCCC1","D-Alpha-cyclohexylglycine","DUF"
"D_Cit","[1*]N[C@H](CCCNC(N)=O)C([2*])=O","D-Citrullin","DUI"
"D_Dab","[1*]N[C@H](CCN[3*])C([2*])=O","D-2,4-diaminobutanoic acid","DUJ"
"D_Pip","[1*]N1CCCC[C@@H]1C([2*])=O","D-Pipecolic acid","DUM"
"D_Tic","[1*]N1Cc2ccccc2C[C@@H]1C([2*])=O","D-1,2,3,4-tetrahydro-3-isoquinolinecarboxylic acid","DVF"
"Aca","[1*]N[C@@H](CCCCCCCC)C([2*])=O","2-Aminocapric acid","AC3"
"Tic","[1*]N1Cc2ccccc2C[C@H]1C([2*])=O","1,2,3,4-tetrahydro-3-isoquinolinecarboxylic acid","TIE"
"Aad","[1*]N[C@@H](CCCC([3*])=O)C([2*])=O","2-Aminoadipic acid","AD0"
"Cit","[1*]N[C@@H](CCCNC(N)=O)C([2*])=O","Citrullin","CIF"
"Aze","[1*]N1CC[C@H]1C([2*])=O","2-Carboxyazetidine","AEB"
"Ac5c","[1*]NC1(C([2*])=O)CCCC1","1-Amino-1-carboxycyclopentane","AEC"
"Aib","[1*]NC(C)(C)C([2*])=O","Alpha-aminoisobutyric acid (2-aminoalanine)","AIB"
"D_2Pal","[1*]N[C@H](Cc1ccccn1)C([2*])=O","D-3-(2-Pyridyl)-alanine","DVI"
"D_Abu","[1*]N[C@H](CC)C([2*])=O","D-2-aminobutanoic acid","DVO"
"D_Dap","[1*]N[C@H](CN[3*])C([2*])=O","D-2,3-diaminopropanoic acid","DVS"
"Asu","[1*]N[C@@H](CCCCCC([3*])=O)C([2*])=O","2-Aminosuberic acid","AS5"
"Cbz","[2*]C(=O)OCc1ccccc1","Carboxybenzyl","CBS"
"_Et","[1*]CC","C-Terminal ethyl","ETJ"
"NHEt","[1*]NCC","Ethanamine","NHA"
"OEt","[1*]OCC","Ethanol","OEI"
"_OMe","[1*]OC","C-Terminal methanol","OML"
"OtBu","[1*]OC(C)(C)C","O-tert-Butyl","OTI"
"Tos","[2*]S(=O)(=O)c1ccc(C)cc1","Tosyl","TOO"
"D_Thz","[1*]N1CSC[C@@H]1C([2*])=O","(4S)-1,3-thiazolidine-4-carboxylic acid","DVT"
"fmoc","[2*]C(=O)OCC1c2ccccc2-c2ccccc21","Fluorenylmethoxycarbonyl","FM3"
"Mpa","[2*]C(=O)[C@H](C)S[3*]","(S)-2-Mercaptopropanoic acid","MPF"
"Bua","[2*]C(=O)CCC","Butanoic acid","BUS"
"Glc","[2*]C(=O)CO","Glycolic acid","GAY"
"deamino_Cys","[2*]C(=O)CCS","Deamino-Cysteine","DVU"
"deamino_Dab","[1*]NCCCC(=O)O","4-aminobutanoic acid","DVV"
"deamino_Gly_CN","[2*]C(=O)CC#N","2-cyanoacetic acid","DVY"
"deamino_Gly_cPent","[2*]C(=O)CC1CCCC1","2-cyclopentylacetic acid","DWL"
"deamino_Gly_OH","[1*]OCC(=O)O","2-hydroxyacetic acid","DWO"
"deamino_Gly_thien2yl","[2*]C(=O)Cc1cccs1","2-(thiophen-2-yl)acetic acid","DWR"
"D_Trp_For","[1*]N[C@H](Cc1cn(C=O)c2ccccc12)C([2*])=O","(2R)-2-amino-3-(1-formyl-1H-indol-3-yl)propanoic acid","DWU"
"deamino_Ncy","[2*]C(=O)CS","2-sulfanylacetic acid","DW6"
"deamino_Phe","[2*]C(Cc1ccccc1)C(=O)O","Deamino-Phenylalanine","DXI"
"deamino_Phg_35diMe","[2*]C(=O)Cc1cc(C)cc(C)c1","2-(3,5-dimethylphenyl)acetic acid","DYI"
"deamino_Leu","[2*]C(=O)CCC(C)C","Deamino-Leucine","DYO"
"D_OAla","[2*]C(=O)[C@@H](C)O","(2R)-2-hydroxypropanoic acid","DYQ"
"L_OAla","[2*]C(=O)[C@H](C)O","(2S)-2-hydroxypropanoic acid","LOO"
"L_OVal","[2*]C(=O)[C@@H](O)C(C)C","(2S)-2-hydroxy-3-methylbutanoic acid","LO0"
"NHBn_","[2*]NCc1ccccc1","N-Terminal 1-phenylmethanamine","NHZ"
"Bz","[2*]C(=O)c1ccccc1","Benzaldehyde","BZL"
"Et_","[2*]CC","N-Terminal ethyl","ETL"
"Me_","[2*]C","N-Terminal methyl","MG6"
"D_Tyr_Et","[1*]N[C@H](Cc1ccc(OCC)cc1)C([2*])=O","(2R)-2-amino-3-(4-ethoxyphenyl)propanoic acid","DY0"
"Lys_Ac","[1*]N[C@@H](CCCCNC(C)=O)C([2*])=O","(2S)-2-amino-6-acetamidohexanoic acid","LY6"
"OMe_","[2*]OC","N-Terminal methanol","OMQ"
"Asp_OMe","[1*]N[C@@H](CC(=O)OC)C([2*])=O","(2S)-2-amino-4-methoxy-4-oxobutanoic acid","AGZ"
"NMe23Abz","[2*]C(=O)c1cccc(N(C)C)c1","3-(dimethylamino)benzoic acid","NMV"
"Phe_ab_dehydro","[1*]N=C(Cc1ccccc1)C([2*])=O","2-amino-3-phenylprop-2-enoic acid","PJF"
"Sta_3xi4xi","[1*]NC(CC(C)C)C(O)CC([2*])=O","4-amino-3-hydroxy-6-methylheptanoic acid","ST0"
"Tyr_ab_dehydroMe","[1*]NC(=Cc1ccc(OC)cc1)C([2*])=O","2-amino-3-(4-methoxyphenyl)prop-2-enoic acid","TY6"
"App","[1*]N[C@@H](Cc1ccccc1)[C@H](O)CC([2*])=O","gamma-amino-beta-hydroxybenzenepentanoic acid","AHV"
"Cap","[1*]N[C@@H](CCC1CCCCC1)[C@@H](O)C([2*])=O","(2R,3S)-3-amino-5-cyclohexyl-2-hydroxypentanoic acid","CCF"
"Cys_SEt","[1*]N[C@@H](CSSCC)C([2*])=O","(2R)-2-amino-3-(ethyldisulfanyl)propanoic acid","CY5"
"Dsu","[1*]N[C@@H](CCCCC(N)C(=O)O)C([2*])=O","2,7-Diaminosuberic acid","DZQ"
"pnC","[1*]NCCN(CC([2*])=O)C(=O)Cn1ccc(N)nc1=O","PNA Cytosine","PN9"
"pnG","[1*]NCCN(CC([2*])=O)C(=O)Cn1cnc2c(=O)[nH]c(N)nc21","PNA Guanine","PJI"
"Pqa","[1*]N1CCN(c2ccc3ccn(CC([2*])=O)c(=O)c3c2)CC1","2-[1-oxo-7-(piperazin-1-yl)-1,2-dihydroisoquinolin-2-yl]acetic acid","PQF"
"Pro_4Me3OH","[1*]N1CC(C)C(O)[C@H]1C([2*])=O","(2S)-3-hydroxy-4-methylpyrrolidine-2-carboxylic acid","PRG"
"D_Ala_ol","[2*]C[C@@H](N)CO","(2R)-2-aminopropan-1-ol","D0D"
"D_Phg_ol","[1*]NC(CO)c1ccccc1","2-amino-2-methylpropan-1-ol","D0I"
"D_Thr_ol","[1*]N[C@H](CO)[C@@H](C)O","(2R,3R)-2-aminobutane-1,3-diol","D06"
"Gly_ol","[1*]NCO","aminomethanol","GA1"
"Ala_ol","[1*]N[C@@H](C)CO","(2S)-2-aminopropan-1-ol","AH5"
"Lys_ol","[1*]N[C@H](CO)CCCCN","(2S)-2,6-diaminohexan-1-ol","LAW"
"Phg_ol","[1*]N[C@H](CO)c1ccccc1","(2S)-2-amino-2-phenylethan-1-ol","PJN"
"Pro_ol","[1*]N1CCC[C@H]1CO","[(2S)-pyrrolidin-2-yl]methanol","PJO"
"Val_ol","[1*]N[C@H](CO)C(C)C","(2S)-2-amino-3-methylbutan-1-ol","VAG"
"Ala_al","[1*]N[C@@H](C)C=O","(2S)-2-aminopropanal","AIE"
"Arg_al","[1*]N[C@H](C=O)CCCNC(=N)N","N''-[(4S)-4-amino-5-oxopentyl]guanidine","ARY"
"Asp_al","[1*]N[C@H](C=O)CC(=O)O","(3S)-3-amino-4-oxobutanoic acid","AII"
"Lys_al","[1*]N[C@H](C=O)CCCCN","(2S)-2,6-diaminohexanal","LA0"
"Pro_al","[1*]N1CCC[C@H]1C=O","(2S)-pyrrolidine-2-carbaldehyde","PJR"
"_NHBn","[1*]NCc1ccccc1","C-Terminal 1-phenylmethanamine","NH0"
"NHMe","[1*]NC","Methanamine","NB0"
"Met_O2","[1*]N[C@@H](CCS(C)(=O)=O)C([2*])=O","(2S)-2-amino-4-methanesulfonylbutanoic acid","MHJ"
"Phe_2Me","[1*]N[C@@H](Cc1ccccc1C)C([2*])=O","(2S)-2-amino-3-(2-methylphenyl)propanoic acid","PJU"
"Phe_34diCl","[1*]N[C@@H](Cc1ccc(Cl)c(Cl)c1)C([2*])=O","(2S)-2-amino-3-(3,4-dichlorophenyl)propanoic acid","PJX"
"Phe_4Br","[1*]N[C@@H](Cc1ccc(Br)cc1)C([2*])=O","(2S)-2-amino-3-(4-bromophenyl)propanoic acid","PJ0"
"Phe_4I","[1*]N[C@@H](Cc1ccc(I)cc1)C([2*])=O","(2S)-2-amino-3-(4-iodophenyl)propanoic acid","PJ3"
"Phe_4Sdihydroorotamido","[1*]N[C@@H](Cc1ccc(NC(=O)[C@@H]2CC(=O)NC(=O)N2)cc1)C([2*])=O","(2S)-2-amino-3-{4-[(4S)-2,6-dioxo-1,3-diazinane-4-amido]phenyl}propanoic acid","PJ6"
"Pyl","[1*]N[C@@H](CCCCNC(=O)[C@@H]1N=CC[C@H]1C)C([2*])=O","Pyrrolysine","PJ9"
"Ser_PO3H2","[1*]N[C@@H](COP(=O)(O)O)C([2*])=O","(2S)-2-amino-3-(phosphonooxy)propanoic acid","SEW"
"Thr_PO3H2","[1*]N[C@H](C([2*])=O)[C@@H](C)OP(=O)(O)O","(2S,3R)-2-amino-3-(phosphonooxy)butanoic acid","TBW"
"Thz","[1*]N1CSC[C@H]1C([2*])=O","(4R)-1,3-thiazolidine-4-carboxylic acid","TB3"
"Trp_Me","[1*]N[C@@H](Cc1cn(C)c2ccccc12)C([2*])=O","(2S)-2-amino-3-(1-methyl-1H-indol-3-yl)propanoic acid","TB4"
"Tyr_26diMe","[1*]N[C@@H](Cc1c(C)cc(O)cc1C)C([2*])=O","(2S)-2-amino-3-(4-hydroxy-2,6-dimethylphenyl)propanoic acid","TY7"
"Tyr_3I","[1*]N[C@@H](Cc1ccc(O)c(I)c1)C([2*])=O","(2S)-2-amino-3-(4-hydroxy-3-iodophenyl)propanoic acid","TCS"
"Tyr_3NO2","[1*]N[C@@H](Cc1ccc(O)c([N+](=O)[O-])c1)C([2*])=O","(2S)-2-amino-3-(4-hydroxy-3-nitrophenyl)propanoic acid","TDQ"
"Tyr_Ph4OH","[1*]N[C@@H](Cc1ccc(Oc2ccc(O)cc2)cc1)C([2*])=O","(2S)-2-amino-3-[4-(4-hydroxyphenoxy)phenyl]propanoic acid","TD0"
"Tyr_SO3H","[1*]N[C@@H](Cc1ccc(OS(=O)(=O)O)cc1)C([2*])=O","(2S)-2-amino-3-[4-(sulfooxy)phenyl]propanoic acid","TEW"
"Val_3OH","[1*]N[C@H](C([2*])=O)C(C)(C)O","(2S)-2-amino-3-hydroxy-3-methylbutanoic acid","VAM"
"xiIle","[1*]N[C@H](C([2*])=O)C(C)CC","(2S)-2-amino-3-methylpentanoic acid","XII"
"NMe2Abz","[1*]N(C)c1ccccc1C([2*])=O","2-(methylamino)benzoic acid","NM0"
"NMebAla","[1*]N(C)CCC([2*])=O","3-(methylamino)propanoic acid","NM5"
"aMePhe","[1*]N[C@@](C)(Cc1ccccc1)C([2*])=O","(2S)-2-amino-2-methyl-3-phenylpropanoic acid","AMK"
"aMePro","[1*]N1CCC[C@@]1(C)C([2*])=O","(2S)-2-methylpyrrolidine-2-carboxylic acid","AIP"
"aMeTyr_3OH","[1*]N[C@@](C)(Cc1ccc(O)c(O)c1)C([2*])=O","(2S)-2-amino-3-(3,4-dihydroxyphenyl)-2-methylpropanoic acid","AIY"
"Bmt","[1*]N[C@H](C([2*])=O)[C@H](O)[C@H](C)CC=CC","(2S,3R,4R)-2-amino-3-hydroxy-4-methyloct-6-enoic acid","BMY"
"Bmt_E","[1*]N[C@H](C([2*])=O)[C@H](O)[C@H](C)CC=CC","(2S,3R,4R,6E)-2-amino-3-hydroxy-4-methyloct-6-enoic acid","BAD"
"Cys_Bn","[1*]N[C@@H](CSCc1ccccc1)C([2*])=O","(2R)-2-amino-3-(benzylsulfanyl)propanoic acid","CCG"
"Gla","[1*]N[C@@H](CC(C([2*])=O)C(=O)O)C([3*])=O","Carboxyglutamic acid","GBB"
"hHis","[1*]N[C@@H](CCc1c[nH]cn1)C([2*])=O","(2S)-2-amino-4-(1H-imidazol-4-yl)butanoic acid","HHU"
"His_1Me","[1*]N[C@@H](Cc1cn(C)cn1)C([2*])=O","(2S)-2-amino-3-(1-methyl-1H-imidazol-4-yl)propanoic acid","HIH"
"Gly_allyl","[1*]N[C@@H](CC=C)C([2*])=O","(2S)-2-aminopent-4-enoic acid","GBY"
"Gly_cPr","[1*]N[C@H](C([2*])=O)C1CC1","(2S)-2-amino-2-cyclopropylacetic acid","GCI"
"Hsl","[1*]N[C@H]1CCOC1=O","(3S)-3-aminooxolan-2-one","HSN"
"Asp_Ph2NH2","[1*]N[C@@H](CC(=O)c1ccccc1N)C([2*])=O","(2S)-2-amino-4-(2-aminophenyl)-4-oxobutanoic acid","AI0"
"Azi","[1*]N1C[C@H]1C([2*])=O","(2S)-aziridine-2-carboxylic acid","AI4"
"2Abz","[1*]Nc1ccccc1C([2*])=O","2-Aminobenzoic acid","2CI"
"3Abz","[1*]Nc1cccc(C([2*])=O)c1","3-Aminobenzoic acid","3B7"
"4Abz","[1*]Nc1ccc(C([2*])=O)cc1","4-Aminobenzoic acid","4AI"
"Ac3c","[1*]NC1(C([2*])=O)CC1","1-aminocyclopropane-1-carboxylic acid","AI6"
"Ac6c","[1*]NC1(C([2*])=O)CCCCC1","1-aminocyclohexane-1-carboxylic acid","AJC"
"bAla","[1*]NCCC([2*])=O","3-aminopropanoic acid","BBD"
"D_Bmt","[1*]N[C@@H](C([2*])=O)[C@@H](O)[C@@H](C)CC=CC","(2R,3S,4S)-2-amino-3-hydroxy-4-methyloct-6-enoic acid","D1O"
"D_Bmt_E","[1*]N[C@@H](C([2*])=O)[C@@H](O)[C@@H](C)CC=CC","(2R,3S,4S,6E)-2-amino-3-hydroxy-4-methyloct-6-enoic acid","D4C"
"D_hArg","[1*]N[C@H](CCCCNC(=N)N)C([2*])=O","(2R)-2-amino-6-[(diaminomethylidene)amino]hexanoic acid","D4E"
"D_Phe_4F","[1*]N[C@H](Cc1ccc(F)cc1)C([2*])=O","(2R)-2-amino-3-(4-fluorophenyl)propanoic acid","D5A"
"D_Trp_2Me","[1*]N[C@H](Cc1c(C)[nH]c2ccccc12)C([2*])=O","(2R)-2-amino-3-(2-methyl-1H-indol-3-yl)propanoic acid","D5D"
"D_Tyr_3OH","[1*]N[C@H](Cc1ccc(O)c(O)c1)C(=O)O","(2R)-2-amino-3-(3,4-dihydroxyphenyl)propanoic acid","D5J"
"D_Tyr_Me","[1*]N[C@H](Cc1ccc(OC)cc1)C([2*])=O","(2R)-2-amino-3-(4-methoxyphenyl)propanoic acid","D5K"
"D_xiIle","[1*]N[C@@H](C([2*])=O)C(C)CC","(2R)-2-amino-3-methylpentanoic acid","D5L"
"Lys_iPr","[1*]N[C@@H](CCCCNC(C)C)C([2*])=O","(2S)-2-amino-6-[(propan-2-yl)amino]hexanoic acid","LA5"
"_Bn","[1*]Cc1ccccc1","C-Terminal toluene","BN0"
"_OBn","[1*]OCc1ccccc1","C-Terminal phenylmethanol","OBJ"
"Ph","[1*]c1ccccc1","Phenyl","PKH"
"Boc","[2*]C(=O)OC(C)(C)C","Tert-butyloxycarbonyl","BOK"
"Mba","[2*]C(=O)[C@H](CC)S[3*]","Mercaptobutanoic acid","MHP"
"Hva","[2*]C(=O)[C@@H](O)CCC","2-Hydroxypentanoic acid","HVC"
"deamino_Chg","[2*]C(=O)CC1CCCCC1","2-cyclohexylacetic acid","D5P"
"deamino_Dip","[2*]C(=O)CC(c1ccccc1)c1ccccc1","3,3-diphenylpropanoic acid","D5R"
"deamino_Gly_tBu","[2*]C(=O)CC(C)(C)C","3,3-dimethylbutanoic acid","D5S"
"deamino_hPhe","[2*]C(=O)CCCc1ccccc1","4-phenylbutanoic acid","D6B"
"deamino_nTyr_Me","[2*]C(=O)Cc1ccc(OC)cc1","2-(4-methoxyphenyl)acetic acid","D6H"
"deamino_Phg_4Cl","[2*]C(=O)Cc1ccc(Cl)cc1","2-(4-chlorophenyl)acetic acid","D6L"
"D_OVal","[2*]C(=O)[C@H](O)C(C)C","(2R)-2-hydroxy-3-methylbutanoic acid","D7O"
"OLeu","[2*]C(=O)[C@@H](O)CC(C)C","(2S)-2-hydroxy-4-methylpentanoic acid","OLG"
"Bn_","[2*]Cc1ccccc1","N-Terminal toluene","BN8"
"OBn_","[2*]OCc1ccccc1","N-Terminal phenylmethanol","OBK"
"deamino_Lys","[2*]C(CCCCN)C(=O)O","Deamino-Lysine","D8O"
"NMe24Abz","[2*]C(=O)c1ccc(N(C)C)cc1","4-(dimethylamino)benzoic acid","NB3"
"Phe_ab_dehydro_3NO2","[1*]NC(=Cc1cccc([N+](=O)[O-])c1)C([2*])=O","2-amino-3-(3-nitrophenyl)prop-2-enoic acid","PKI"
"Sta_3S4S","[1*]N[C@@H](CC(C)C)[C@@H](O)CC([2*])=O","(3S,4S)-4-amino-3-hydroxy-6-methylheptanoic acid","SA4"
"Bux","[1*]NC[C@@H](O)CC([2*])=O","(3S)-4-amino-3-hydroxybutanoic acid","BUZ"
"Dpm","[1*]NC(N)(CCCCC(=O)O)C([2*])=O","Diaminopimelic acid","D8R"
"pnA","[1*]NCCN(CC([2*])=O)C(=O)Cn1cnc2c(N)ncnc21","PNA Adenine","PKK"
"pnT","[1*]NCCN(CC([2*])=O)C(=O)Cn1cc(C)c(=O)[nH]c1=O","PNA Thymine","PKN"
"seC","[1*]N[C@@H](C[SeH])C([2*])=O","SelenoCysteine","SEX"
"Aib_ol","[1*]NC(C)(C)CO","2-amino-2-methylpropan-1-ol","AJF"
"D_Pro_ol","[1*]N1CCC[C@@H]1CO","[(2R)-pyrrolidin-2-yl]methanol","D85"
"Leu_ol","[1*]N[C@H](CO)CC(C)C","(2S)-2-amino-4-methylpentan-1-ol","LE0"
"Phe_ol","[1*]N[C@H](CO)Cc1ccccc1","(2S)-2-amino-3-phenylpropan-1-ol","PKO"
"Thr_ol","[1*]N[C@@H](CO)[C@H](C)O","(2S,3S)-2-aminobutane-1,3-diol","TE0"
"Gly_al","[1*]NCC=O","2-aminoacetaldehyde","GCJ"
"Leu_al","[1*]N[C@H](C=O)CC(C)C","(2S)-2-amino-4-methylpentanal","LE5"
"Phe_al","[1*]N[C@H](C=O)Cc1ccccc1","(2S)-2-amino-3-phenylpropanal","PKQ"
"L_hArg(Et,Et)","[1*]N[C@@H](CCCCNC(=NCC)NCC)C([2*])=O","(2S)-2-amino-6-{[bis(ethylamino)methylidene]amino}hexanoic acid","LHI"
"Met_O","[1*]N[C@@H](CC[S+](C)[O-])C([2*])=O","(2S)-2-amino-4-methanesulfinylbutanoic acid","MHX"
"nTyr","[1*]N[C@H](C([2*])=O)c1ccc(O)cc1","(2S)-2-amino-2-(4-hydroxyphenyl)acetic acid","NT0"
"Oic_3aR_7aS","[1*]N1[C@H](C([2*])=O)C[C@H]2CCCC[C@@H]21","(2S,3aR,7aS)-octahydro-1H-indole-2-carboxylic acid","OIE"
"Oic_3axi_7axi","[1*]N1C2CCCCC2C[C@H]1C([2*])=O","(2S)-octahydro-1H-indole-2-carboxylic acid","OIF"
"Phe_2F","[1*]N[C@@H](Cc1ccccc1F)C([2*])=O","(2S)-2-amino-3-(2-fluorophenyl)propanoic acid","PKW"
"Phe_3F","[1*]N[C@@H](Cc1cccc(F)c1)C([2*])=O","(2S)-2-amino-3-(3-fluorophenyl)propanoic acid","PKX"
"Phe_4F","[1*]N[C@@H](Cc1ccc(F)cc1)C([2*])=O","(2S)-2-amino-3-(4-fluorophenyl)propanoic acid","PLN"
"Phe_4NO2","[1*]N[C@@H](Cc1ccc([N+](=O)[O-])cc1)C([2*])=O","(2S)-2-amino-3-(4-nitrophenyl)propanoic acid","POE"
"Phe_bbdiMe","[1*]N[C@H](C([2*])=O)C(C)(C)c1ccccc1","(2S)-2-amino-3-methyl-3-phenylbutanoic acid","PPA"
"Trp_5OH","[1*]N[C@@H](Cc1c[nH]c2ccc(O)cc12)C([2*])=O","(2S)-2-amino-3-(5-hydroxy-1H-indol-3-yl)propanoic acid","TE3"
"Trp_Ome","[1*]N[C@@H](Cc1cn(OC)c2ccccc12)C([2*])=O","(2S)-2-amino-3-(1-methoxy-1H-indol-3-yl)propanoic acid","TE9"
"Tyr_35diI","[1*]N[C@@H](Cc1cc(I)c(O)c(I)c1)C([2*])=O","(2S)-2-amino-3-(4-hydroxy-3,5-diiodophenyl)propanoic acid","TFW"
"Tyr_3OH","[1*]N[C@@H](Cc1ccc(O)c(O)c1)C([2*])=O","(2S)-2-amino-3-(3,4-dihydroxyphenyl)propanoic acid","TF9"
"Tyr_Me","[1*]N[C@@H](Cc1ccc(OC)cc1)C([2*])=O","(2S)-2-amino-3-(4-methoxyphenyl)propanoic acid","TGI"
"Tyr_PO3H2","[1*]N[C@@H](Cc1ccc(OP(=O)(O)O)cc1)C([2*])=O","(2S)-2-amino-3-[4-(phosphonooxy)phenyl]propanoic acid","TGO"
"xiHyp","[1*]N1CC(O)C[C@H]1C([2*])=O","(2S)-4-hydroxypyrrolidine-2-carboxylic acid","XIB"
"xiThr","[1*]N[C@H](C([2*])=O)C(C)O","(2S)-2-amino-3-hydroxybutanoic acid","XIT"
"NMe4Abz","[1*]N(C)c1ccc(C([2*])=O)cc1","4-(methylamino)benzoic acid","NB6"
"aMeTyr","[1*]N[C@@](C)(Cc1ccc(O)cc1)C([2*])=O","(2S)-2-amino-3-(4-hydroxyphenyl)-2-methylpropanoic acid","AJO"
"Aoda","[1*]N[C@@H](CCCCCC(=O)CC)C([2*])=O","(2S)-2-amino-8-oxodecanoic acid","AO0"
"Bpa","[1*]N[C@@H](Cc1ccc(C(=O)c2ccccc2)cc1)C([2*])=O","(2S)-2-amino-3-(4-benzoylphenyl)propanoic acid","BBG"
"Cys_Me","[1*]N[C@@H](CSC)C([2*])=O","(2R)-2-amino-3-(methylsulfanyl)propanoic acid","CCJ"
"Dip","[1*]N[C@H](C([2*])=O)C(c1ccccc1)c1ccccc1","(2S)-2-amino-3,3-diphenylpropanoic acid","D9E"
"hArg","[1*]N[C@@H](CCCCNC(N)N)C([2*])=O","(2S)-2-amino-6-[(diaminomethyl)amino]hexanoic acid","HA4"
"His_1Bn","[1*]N[C@@H](Cc1cn(Cc2ccccc2)cn1)C([2*])=O","(2S)-2-amino-3-(1-benzyl-1H-imidazol-4-yl)propanoic acid","HIJ"
"His_3Me","[1*]N[C@@H](Cc1cncn1C)C([2*])=O","(2S)-2-amino-3-(1-methyl-1H-imidazol-5-yl)propanoic acid","HIL"
"Hyl_5xi","[1*]N[C@@H](CCC(O)CN)C([2*])=O","(2S)-2,6-diamino-5-hydroxyhexanoic acid","HYL"
"Bip","[1*]N[C@@H](Cc1ccc(-c2ccccc2)cc1)C([2*])=O","(2S)-2-amino-3-{[1,1'-biphenyl]-4-yl}propanoic acid","BI0"
"Abu_23dehydro","[1*]N=C(CC)C([2*])=O","2-aminobut-2-enoic acid","AJS"
"D_Dip","[1*]N[C@@H](C([2*])=O)C(c1ccccc1)c1ccccc1","(2R)-2-amino-3,3-diphenylpropanoic acid","D9I"
"Dha","[1*]N=C(C)C([2*])=O","2-aminoprop-2-enoic acid","D9J"
"D_hArg_Et2","[1*]N[C@H](CCCCNC(=NCC)NCC)C([2*])=O","(2R)-2-amino-6-{[bis(ethylamino)methylidene]amino}hexanoic acid","D9R"
"D_Met_S_O","[1*]N[C@H](CC[S@+](C)[O-])C([2*])=O","(2R)-2-amino-4-[(S)-methanesulfinyl]butanoic acid","D9X"
"D_His_1Bn","[1*]N[C@H](Cc1cn(Cc2ccccc2)cn1)C([2*])=O","(2R)-2-amino-3-(1-benzyl-1H-imidazol-4-yl)propanoic acid","AJT"
"D_nTyr","[1*]N[C@@H](C([2*])=O)c1ccc(O)cc1","(2R)-2-amino-2-(4-hydroxyphenyl)acetic acid","AJW"
"D_Phe_4ureido","[1*]N[C@H](Cc1ccc(NC(N)=O)cc1)C([2*])=O","(2R)-2-amino-3-[4-(carbamoylamino)phenyl]propanoic acid","AJ0"
